Calificaci√≥n util,Calificaci√≥n divertido,Recomendacion,Horas jugadas,Fecha de Rese√±a,Rese√±a
A 48 personas les pareci√≥ √∫til esta rese√±a,2 personas encontraron divertida esta rese√±a,Recomendado,7.7 h registradas,Publicada el 18 de julio de 2024,"Cuando hablamos de este juego es inevitable hablar de Dark and Darker y despu√©s de haber jugado los 2 puedo decir que este juego si te da la experiencia completa siendo Free2Play y a la vez tiene una jugabilidad mucho mas fluida y a la vez mejores gr√°ficos/estilo art√≠stico...
La mayor√≠a de los que rese√±en este juego negativamente son Fans de Dark and Darker acusando a este juego de copia o gente que compro en su momento el Dark and Darker y se siente est*pid* de haber pagado y ver que la gente elija este juego... asique si estas pensando en darle una oportunidad a este juego y lees esto entra y probalo que es F2P y saca tus propias conclusiones."
A 7 personas les pareci√≥ √∫til esta rese√±a,0,No recomendado,363.3 h registradas,Publicada el 6 de septiembre de 2024,"grandioso ‚ô•‚ô•‚ô•‚ô•‚ô•‚ô•‚ô• haciendo equipos para matar solo latinos, equipo de 9 ‚ô•‚ô•‚ô•‚ô•‚ô•‚ô•‚ô• para matar a uno de 3 solo latinos.
todas las salas pasa lo mismo, equipos de ‚ô•‚ô•‚ô•‚ô•‚ô•‚ô•‚ô• cazando a latinos. ya es mi octava de 10 partida que pasa lo mismo. gg game
no recomiendo el juego ya, simplemente mataron a los latinos al eliminar el server
server: america... ping 250. Great ‚ô•‚ô•‚ô•‚ô•‚ô•‚ô•‚ô• making teams to kill only Latinos, team of 9 ‚ô•‚ô•‚ô•‚ô•‚ô•‚ô•‚ô• to kill one of only 3 Latinos.
In all rooms the same thing happens, teams of ‚ô•‚ô•‚ô•‚ô•‚ô•‚ô•‚ô• hunting Latinos. This is my eighth of 10 games where the same thing happens. gg game
I'm going to uninstall"
A 24 personas les pareci√≥ √∫til esta rese√±a,2 personas encontraron divertida esta rese√±a,Recomendado,2.4 h registradas,Publicada el 18 de julio de 2024,
A 79 personas les pareci√≥ √∫til esta rese√±a,12 personas encontraron divertida esta rese√±a,No recomendado,0.6 h registradas,Publicada el 18 de julio de 2024,high ping for latin america
A 10 personas les pareci√≥ √∫til esta rese√±a,0,No recomendado,23.6 h registradas,Publicada el 11 de septiembre de 2024,"Publico esta review negativa en forma de protesta por que quitaron los servidores de LATAM, fueron unificados junto con US East y US West en un solo server llamad America, ahora es imposible jugar por que todo sur america tiene 250 de ping jugando, lo cual lo hace imposible de disfrutar el juego."
A 6 personas les pareci√≥ √∫til esta rese√±a,0,Recomendado,7.3 h registradas,Publicada el 14 de septiembre de 2024,"El juego tiene potencial, pero falla en muchos aspectos, como por ejemplo:
1.- La nivelaci√≥n de los jugadores: A muchos le ha pasado el encontrarse con jugadores de nivel muy alto y con un muy buen equipamiento, siendo ellos de nivel y equipamiento b√°sico, esto haciendo que los jugadores nuevos progresen mas lento y que los que ya llevan mucho tiempo suban, una soluci√≥n a esto seria colocar a los objetos un tipo de cuantificador de poder el cual dependa de sus estad√≠sticas o nivel de rareza, esto har√≠a que los jugadores con un poder alto, solo se pudieran encontrar con otros jugadores de nivel similar.
2.- √Årbol de habilidades: muchos de los roles de personajes no tienen tantas habilidades, a lo cual hacen que no sean llamativos o que solo se usen un tipo de habilidad, una soluci√≥n podr√≠a ser el colocar un √°rbol de habilidades dependiendo del rol, el cual se pueda ir mejorando por  mientras que se sube de nivel, siendo algunas mejoras generales para el personaje (como m√°s da√±o, vida, regeneraci√≥n de vida o mana, entre otras) y mas habilidades que dependan del rol que se eligi√≥, haciendo de que se pudiera especializar mas al personaje para ciertos tipos de combates o de estrategias.
3.- Nuevos tipos de armas y/o de Roles: aunque los roles que se pueden elegir son muy diversas, se podr√≠an a√±adir m√°s, como una clase de lancero (la cual pueda usar una lanza ligera y un escudo o una lanza de dos manos), un tipo de tanque (el cual pueda usar un escudo pesado de dos manos o un martillo de guerra) y alg√∫n tipo de arquero (el cual pueda usar un arco, el cual dispare mas r√°pido pero haga menos da√±o que  una ballesta y alguna arma cuerpo a cuerpo para defenderse).
Tambi√©n se podr√≠a agregar un rol tipo necromancer/invocador (el cual pueda invocar mininos o revivir algunos monstruos de la mazmorra, el cual dependan del nivel del monstruo o del objeto para invocar que posea), alg√∫n tipo de bardo, el cual sea  soporte para el equipo (subiendo el ataque, el movimiento o alguna estad√≠stica del grupo con sus habilidades, o adormeciendo a los monstruos cercanos con otra habilidad)
4.- Rendimiento: se presentan muchos bajones de Fps, pocos servidores disponibles, lo cual provoca lag en las partidas y no se encuentra muy bien optimizado.
5.- Nuevos tipos de juego, Se podr√≠a agregar alg√∫n tipo de modo como:
-Modo de entrenamiento: el cual servir√≠a para probar y experimentar diferentes tipos de roles, equipos y habilidades, haciendo que los jugadores puedan crear un estilo de juego que les guste sin el miedo de perder sus cosas en el proceso.
- Modo de duelos: el cual enfrentar√≠a directamente a 2 jugadores o equipos en duelos simples o mas jugadores (todos contra todos) a la vez. (tambi√©n se podr√≠a hacer como tornes donde participan 8 equipos en combates entre si).
- Modo Arena: un modo donde puedas enfrentarte a rondas de enemigos en equipo o con otros jugadores y intentar de sobrevivir, donde se te de la elecci√≥n de irte tras cada ronda o ir por una recompensa mayor pero m√°s dif√≠cil, aunque si mueres en una se perder√≠an todas las cosas que conseguiste en las rondas anteriores (no el equipamiento que tra√≠as al iniciar la partida)
(Aunque dejar√≠a los modos para m√°s adelante , excepto el de entrenamiento, el cual tendr√≠a una mayor prioridad que los otros)
6.- mec√°nicas de combate:  Se podr√≠a mejorar el sistema de combate que existe, de tal manera que los combates no se decidan a trav√©s de el primer golpe, si no con otras interacciones como el permitir desviar ataques f√≠sicos y m√°gicos (dependiendo del rol), se podr√≠a colocar un tipo de esquive, el cual posea un cooldown, un sistema de estamina, el cual permita correr, hacer golpes cargados o esquivar, ademas de mayor variedad en los tipos de ataque a realizar con un arma de modo que excitan mas interacciones al momento de realizar en los combates.
Se que es un  juego con acceso anticipado y que posiblemente nada de esto se pueda aplicar, pero de igual manera seria genial ver algunas ideas como estas o parecidas a estas en el juego para a√±adir cierta variedad, el juego merece la pena y al final es satisfactorio el salir con vida de una dungeon con mucho loot, ojala mejoren los problemas que posee actualmente para que mas gente conozca este gran juego."
A 4 personas les pareci√≥ √∫til esta rese√±a,0,No recomendado,129.2 h registradas,Publicada el 4 de noviembre de 2024,"Me encantaba el juego pero los desarrolladores realmente manejaron muy mal las cosas, desde que unificaron los servidores de america es injugable por el ping, es una pena porque la verdad me encantaba el juego."
A 5 personas les pareci√≥ √∫til esta rese√±a,0,No recomendado,26.6 h registradas,Publicada el 27 de septiembre de 2024,"un mes sin jugar y est√° horrible, quitaron los servers de latinoamerica, las clases que eran horribles jugarles en contra siguen igual, y un total desinteres por el los jugadores, me siento bien de haberlo jugarlo en su mejor momento pero igual es triste ver un juego con tanto potencial arruinar todo."
A 6 personas les pareci√≥ √∫til esta rese√±a,2,Recomendado,14.5 h registradas,Publicada el 20 de julio de 2024,"honestamente como yo lo veo cubre todas las falencias que tenia Dark and Darker, despu√©s te das cuenta que no te cobran y solo te queda alegr√≠a, muy buen juego"
A 8 personas les pareci√≥ √∫til esta rese√±a,0,Recomendado,16.2 h registradas,Publicada el 22 de julio de 2024,"Para los se est√°n quejando y llorando por el ping latam y servers.
Primero si hay servers y segundo el ping esta bien. Si te anda mal optimiza tu Internet hermano"
A 3 personas les pareci√≥ √∫til esta rese√±a,0,No recomendado,23.6 h registradas,Publicada el 9 de septiembre de 2024,"era bueno, iba bien encaminado y decidieron eliminar el servidor para Sudam√©rica, unos payasos."
A 3 personas les pareci√≥ √∫til esta rese√±a,0,Recomendado,35.5 h registradas,Publicada el 27 de julio de 2024,"Este juego es gooood, pero tiene un problema que es la optimizaci√≥n solo pido que lo optimizen m√°s por favor ü•≤"
A 3 personas les pareci√≥ √∫til esta rese√±a,0,Recomendado,44.5 h registradas,Publicada el 25 de julio de 2024,Solo le falta una traducci√≥n al espa√±ol y ser√≠a el mejor.
A 2 personas les pareci√≥ √∫til esta rese√±a,0,Recomendado,2.0 h registradas,Publicada el 19 de julio de 2024,"Si bien le falta accesibilidad para Steam Deck, realmente es muy disfrutable y flu√≠do."
A 3 personas les pareci√≥ √∫til esta rese√±a,0,No recomendado,124.2 h registradas,Publicada el 5 de noviembre de 2024,Pese a las muchas horas que le meti en este juego al principio no decilusiono pero despues de un par de updates el juego se fue les de las manos lo desbalanceado que era todo y razon principal que juntaron los servers de america y no me vengan a decir que unificaron simplemente eliminaron el de LATAM asique eso malito el juegito este.
A 3 personas les pareci√≥ √∫til esta rese√±a,0,No recomendado,192.5 h registradas,Publicada el 1 de marzo,"La jugabilidad era muy buena, lamentablemente mataron el PVP con LoH y nunca lo arreglaron... Prometieron una season 1 y nunca lleg√≥, los que compramos productos una estafa total con el cierre del juego.. nos quedamos esperando las actualizaciones prometidas.
Un asco los desarrolladores."
A 4 personas les pareci√≥ √∫til esta rese√±a,0,No recomendado,297.3 h registradas,Publicada el 6 de septiembre de 2024,"(6/9/2024)
Decidieron perder todos sus jugadores de Sudam√©rica forz√°ndolos a jugar con 250ms, el principio del fin.
RIP Dungeonborne =("
A 3 personas les pareci√≥ √∫til esta rese√±a,0,No recomendado,13.1 h registradas,Publicada el 9 de noviembre de 2024,"El juego era bueno en sus inicios, pero se les ocurri√≥ la magnifica idea de complicar el farmeo, complicar la b√∫squeda de partidas por rareza de equipo y agregar mas elementos p2w."
A 4 personas les pareci√≥ √∫til esta rese√±a,0,No recomendado,142.8 h registradas,Publicada el 11 de septiembre de 2024,"NO HAY SERVIDORES EN AMERICA LATINA, SE JUEGA CON 250MS. Como todo Early Access, hacen plata y dejan morir el juego. RIP dungeon caca"
A 3 personas les pareci√≥ √∫til esta rese√±a,0,No recomendado,271.4 h registradas,Publicada el 6 de septiembre de 2024,"no lo jueguen mas, lo de eliminar los servers en sa y hacer un solo server para toda america es para demanda, estos devs se creen que solo en su pueblo juegan al juego, lo siento por la gente que gasto dinero en esto, porque tiene toda la pinta que de a poco van a ir cerrando el juego y eso que apenas esta en acceso anticipado."
A 2 personas les pareci√≥ √∫til esta rese√±a,0,No recomendado,22.6 h registradas,Publicada el 1 de octubre de 2024,Look how they massacred my boy
A 4 personas les pareci√≥ √∫til esta rese√±a,0,No recomendado,111.7 h registradas,Publicada el 6 de septiembre de 2024,Horrible parche cerrando los servidores de SA mataron al juego para un continente entero.
A 3 personas les pareci√≥ √∫til esta rese√±a,2 personas encontraron divertida esta rese√±a,Recomendado,14.7 h registradas,Publicada el 18 de julio de 2024,Sobame bien sobado el perno Dark and Darker
A 3 personas les pareci√≥ √∫til esta rese√±a,0,No recomendado,66.9 h registradas,Publicada el 24 de octubre de 2024,Esta bueno pero est√° muerto
A 1 persona le pareci√≥ √∫til esta rese√±a,0,No recomendado,105.7 h registradas,Publicada el 19 de septiembre de 2024,Se ‚ô•‚ô•‚ô•‚ô•‚ô•‚ô•‚ô• en SA cerrando el server cuando tenian un monton de players aca...
A 3 personas les pareci√≥ √∫til esta rese√±a,0,Recomendado,9.7 h registradas,Publicada el 20 de agosto de 2024,"NERFEEN A LOS DRUIDAS NI LOS VEGANOS SON TAN MOLESTOS
el arbol esta mas duro que infacia en siria
y la pantera salta mas que tu vieja en mi pija"
A 2 personas les pareci√≥ √∫til esta rese√±a,0,Recomendado,10.6 h registradas,Publicada el 31 de julio de 2024,"Es como Dark and Darker, pero mas casual/arcade y completamente gratis.
Tiene algunos problemas de balanceo entre las clases, pero si no vas a tryhardearlo a full puedes usar la que te guste. Entretenido y un buen balance sin ser super dif√≠cil ni muy simple.
No esta mal, pero se me torno algo repetitivo y un poco tryhard de mas (particularmente al estar desbalanceado)."
A 2 personas les pareci√≥ √∫til esta rese√±a,0,No recomendado,59.1 h registradas,Publicada el 8 de octubre de 2024,"PESIMO, INJUGABLE, No Recomendado, los devs no saben balancear el juego, si no juegas la clase de la season no puedes hacer nada, el cambio al matchmaking empeoro las cosas."
A 2 personas les pareci√≥ √∫til esta rese√±a,1 persona encontr√≥ divertida esta rese√±a,Recomendado,112.9 h registradas,Publicada el 21 de julio de 2024,"J U E G A Z O -- Compar√°ndolo con Dark and darker en este SI me divert√≠, SI progres√©, SI mate, SI me ‚ô•‚ô•‚ô•‚ô• tenso, SI tenia ganas de seguir jugando.
es un SI de manual. JUEGALO"
A 1 persona le pareci√≥ √∫til esta rese√±a,0,No recomendado,0.9 h registradas,Publicada el 25 de diciembre de 2024,"Se re murio este juego, estuve media hora buscando partida y no encontro, 200 de ping, ademas aparentemente habia un server para america del sur y lo sacaron. Se ‚ô•‚ô•‚ô•‚ô•‚ô•‚ô•‚ô•‚ô•, me voy a Dark And Darker."
A 3 personas les pareci√≥ √∫til esta rese√±a,1,No recomendado,76.8 h registradas,Publicada el 6 de septiembre de 2024,"RIP SERVER SA 06/09/2024
An award for the worst decision of the year goes to..."
A 3 personas les pareci√≥ √∫til esta rese√±a,0,No recomendado,93.1 h registradas,Publicada el 6 de septiembre de 2024,"TIRARON LOS SERVIDORES EN LATINOAMERICA ""To ensure a better matchmaking experience"" vayanse a la concha de su madre"
A 1 persona le pareci√≥ √∫til esta rese√±a,0,Recomendado,7.5 h registradas,Publicada el 23 de agosto de 2024,wena la wea
A 1 persona le pareci√≥ √∫til esta rese√±a,0,Recomendado,1.8 h registradas,Publicada el 15 de agosto de 2024,Si
A 1 persona le pareci√≥ √∫til esta rese√±a,0,Recomendado,40.8 h registradas,Publicada el 6 de agosto de 2024,ta buenardo pero solo con amigos xD
A 1 persona le pareci√≥ √∫til esta rese√±a,0,Recomendado,190.7 h registradas,Publicada el 1 de agosto de 2024,magn√°nimo
A 1 persona le pareci√≥ √∫til esta rese√±a,1 persona encontr√≥ divertida esta rese√±a,Recomendado,159.3 h registradas,Publicada el 23 de julio de 2024,es goat y punto quien no este de acuerdo nos agarramos a ‚ô•‚ô•‚ô•‚ô•‚ô•‚ô•‚ô• en la mazmorra
A 1 persona le pareci√≥ √∫til esta rese√±a,1,Recomendado,14.5 h registradas,Publicada el 19 de julio de 2024,muy buen juego   fenomenal 10/10  interesante y divertido
A 4 personas les pareci√≥ √∫til esta rese√±a,0,No recomendado,153.5 h registradas,Publicada el 6 de septiembre de 2024,"Para el tipo de juego que es, ten√≠a una jugabilidad bastante din√°mica que lo hac√≠a agradable de jugar. Lamentablemente las actualizaciones recientes dan a entender que los desarrolladores est√°n enfocados en intentar salvar el descalabro financiero que tienen, en vez de efectivamente mejorar el juego y hacer que perdure. Esto dan a entender, ya que acaban de extirpar a toda la comunidad latinoamericana."
A 1 persona le pareci√≥ √∫til esta rese√±a,0,Recomendado,25.7 h registradas,Publicada el 2 de agosto de 2024,"Eh jugado 15 horas al juego en estos √∫ltimos pocos d√≠as y me parece un juego muy divertido, el juego es crudo con su dificultad lo cual esta muy bueno pero hay ciertas cosas que no tienen sentido como que los reapers te vean detr√°s de 2 paredes sin haberlo golpeado ni nada, los druidas con su velocidad de movimiento, lo que dura la habilidad de convertir en piedra al enemigo y los micro lagasos constantes, pero si recomiendo jugarlo, no tienen sistema de emparejamiento por nivel ni nada, como tiene que ser el que va mas preparado sera el que salga con mas loot y ganancias.
me gusto mucho el juego lo seguir√© jugando hasta que saquen la traducci√≥n al espa√±ol xd
>La suerte siempre le  sonr√≠e a los valientes<
(Banda ya me petrificaron otra ve......)"
A 3 personas les pareci√≥ √∫til esta rese√±a,1,Recomendado,9.3 h registradas,Publicada el 19 de julio de 2024,"Juegazo, le pega mil vueltas al Dark And Darker."
A 1 persona le pareci√≥ √∫til esta rese√±a,1 persona encontr√≥ divertida esta rese√±a,Recomendado,54.4 h registradas,Publicada el 27 de febrero,Concord >>>>>>>>>>>>>>>>>>>>>>>>>> este juego peruano.
A 1 persona le pareci√≥ √∫til esta rese√±a,0,No recomendado,3.6 h registradas,Publicada el 26 de noviembre de 2024,"Bastante caca, trollearon una banda los devs, parece que querian sacar platita y a dormir"
A 3 personas les pareci√≥ √∫til esta rese√±a,0,No recomendado,197.9 h registradas,Publicada el 13 de agosto de 2024,life on hit kill the game bye.
A 2 personas les pareci√≥ √∫til esta rese√±a,0,No recomendado,468.4 h registradas,Publicada el 2 de agosto de 2024,absolutamente desbalanceado
A 5 personas les pareci√≥ √∫til esta rese√±a,0,No recomendado,6.1 h registradas,Publicada el 15 de agosto de 2024,"Le das una oportunidad y le metes ganas, con al pasar de las horas te das cuenta que no vas ni para atras ni para adelante, ves que hay drops en twitch, pero te piden no solo que mires al salame que juega, sino que ademas ""compres"" una subscripcion al canal del chabon, todo para ‚ô•‚ô•‚ô•‚ô•‚ô•‚ô•‚ô•‚ô•‚ô•‚ô• una skin de un item que solo vos vas a ver (como la pocion de HP) WTF?
No es para mi."
A 1 persona le pareci√≥ √∫til esta rese√±a,0,No recomendado,26.4 h registradas,Publicada el 8 de septiembre de 2024,"Sacaron los servers de SA y automaticamente murio el juego, ya venia con quejas de lo OP que estaban algunas clases y con esto lo temino de matar para mi, si no solucionan el problema de los servidores y balancean el juego no lo veo como un competidor para el DnD."
A 3 personas les pareci√≥ √∫til esta rese√±a,1,No recomendado,33.2 h registradas,Publicada el 6 de agosto de 2024,"Juego completamente desbalanceado, en donde la habilidad del jugador queda en segundo plano, siempre ganando quien tiene mejor gear e items. No puede ser que yo entrando en casual que se supone balanceado con 20 de gear, me encuentre con gente con 34 de gear y todas las pasivas desbloquedas y lo √∫nico que tienen que hacer es apretar bot√≥n izquierdo para pasarte por encima, juego mono-neuronal, paso de estar farmeando 100 horas para tener una build decente y sufrir esas 100 horas de lobbys horribles para reci√©n estas m√°s nivelado.  El juego es bueno, tiene una buena idea, pero como no van a balancear, es como un error fatal."
Nadie ha calificado esta rese√±a como √∫til todav√≠a,0,No recomendado,140.1 h registradas,Publicada el 23 de julio de 2024,"Simplemente no vale la pena , metete a lobies de alto equipo solo para sacar morados por que todos usan dados de mrda y es totalmente inutil hacer pvp . Buena suerte matando a alguien con equipamento legendario solo para darte cuenta que su equipo esta protegido por los dados de 2.300 de oro XD Balance de ‚ô•‚ô•‚ô•‚ô•‚ô•‚ô•."
A 2 personas les pareci√≥ √∫til esta rese√±a,0,Recomendado,13.6 h registradas,Publicada el 29 de septiembre de 2024,"Jugue muy poco pero la verdad es que me encantan estos tipos de juegos donde puedes seleccionar clases y demas. al principio tuve dudas por los comentarios pero decidi probarlo y valio la pena, lo recomiendo bastante."
A 2 personas les pareci√≥ √∫til esta rese√±a,0,No recomendado,238.6 h registradas,Publicada el 7 de septiembre de 2024,200ms.... te voy a ‚ô•‚ô•‚ô•‚ô• en la boca Hellhamer
A 2 personas les pareci√≥ √∫til esta rese√±a,1,Recomendado,570.9 h registradas,Publicada el 13 de septiembre de 2024,"Quiero confiar que mejorar√°, me gusta jugarlo y ya."
A 2 personas les pareci√≥ √∫til esta rese√±a,0,Recomendado,0.3 h registradas,Publicada el 3 de agosto de 2024,"Vengo de jugar 60hs al Dark and Darker, y no es comparaci√≥n se nota las carencias, no digo que este juego este ""malo"" pero por mis preferencias me quedo con el Dark and Darker, ya sea por tema de dibujo, personajes, sistema de pelea, etc... siento que sigue muy verde y le faltan cosas por agregar, igualmente banco a los Free to play y se agradece que le hagan competencia directa a DaD,  ojala le vaya bien a este juego 6/10"
A 1 persona le pareci√≥ √∫til esta rese√±a,0,No recomendado,47.1 h registradas,Publicada el 10 de septiembre de 2024,"ARRUINARON el juego! Totalmente. Toda la gente de Sudam√©rica q jug√°bamos con 50ms de ping, ahora fusionaron el server de LAS, con el de norteam√©rica, y autom√°ticamente pasamos a jugar con 210ms de ping, lo cual es totalmente INJUGABLE! Esperar√© pr√≥ximos parches, pero se encamina a ser UN JUEGO MUERTO M√ÅS, y a una desinstalaci√≥n masiva en sudam√©rica...
VER VIDEO..."
A 1 persona le pareci√≥ √∫til esta rese√±a,0,No recomendado,39.1 h registradas,Publicada el 10 de septiembre de 2024,"Era una alternativa mas accesible y ""Agil"" a Dark and Darker. Pero cerraron los servidores en Latinoamerica, vine a este juego por fluidez y ahora me obligan a jugar con 250 de ping, una estupidez."
A 2 personas les pareci√≥ √∫til esta rese√±a,0,No recomendado,582.7 h registradas,Publicada el 6 de septiembre de 2024,"Retiraron servidores de latam  y demostraron cuanto les importa su $$$gente
mas de 500 horas y gustoso de decirles, no lo juegen, no pierdan su tiempo."
A 1 persona le pareci√≥ √∫til esta rese√±a,0,No recomendado,25.3 h registradas,Publicada el 9 de septiembre de 2024,"Estaba bueno, tenia toda la onda, hasta que dijeron ""nO QuIEro paGAr seRvIDoR eN laTaM"", no recomendado, no te das cuenta y te mat√≥ una flecha fantasma, grotescamente arruinado."
A 1 persona le pareci√≥ √∫til esta rese√±a,0,No recomendado,111.8 h registradas,Publicada el 8 de octubre de 2024,"Que lastima que siendo un juego con el potencial que tenia ya no es lo que era, cerraron los servidores , no los regresan, los devs en lugar de arreglar sus errores y los que ya existian dentro del juego hacen una pre season muy mal hecha, desequilibrada, los servidores de hard son puros rogues que te deletean y si no lo hacen corren medio mapa hasta que puedan desaparecer de nuevo y JAMAS los vas a alcanzar, es un asco de desbalanceo de clases, poca atencion de los desarrolladores, tenian la oportunidad de salvarlo y parece que no les importo."
A 1 persona le pareci√≥ √∫til esta rese√±a,0,No recomendado,99.6 h registradas,Publicada el 14 de septiembre de 2024,"El juego era buenisimo, dejaron que la gente venda items por plata y se aproveche de bugs como locos. Quitaron los servers para America del Sur. Se ‚ô•‚ô•‚ô•‚ô•‚ô•‚ô•‚ô• en la gente!"
A 3 personas les pareci√≥ √∫til esta rese√±a,1 persona encontr√≥ divertida esta rese√±a,Recomendado,4.0 h registradas,Publicada el 31 de agosto de 2024,"Buen juego, posee una dificultad moderada, renovando de forma gratuita el ""extraction mode"" que tiene el tarkov o el hunt. Divertido de momento."
Nadie ha calificado esta rese√±a como √∫til todav√≠a,0,No recomendado,38.0 h registradas,Publicada el 5 de octubre de 2024,"borraron los servers de latam, apoyaba a muerte a este juego hasta que hicieron eso, la verdad una nefasta idea"
A 1 persona le pareci√≥ √∫til esta rese√±a,0,Recomendado,66.9 h registradas,Publicada el 19 de julio de 2024,dark and darker > Frustrating Adiction.  DungeonBorne > Fun
Nadie ha calificado esta rese√±a como √∫til todav√≠a,0,Recomendado,34.0 h registradas,Publicada el 18 de julio de 2024,Si
A 1 persona le pareci√≥ √∫til esta rese√±a,0,Recomendado,12.8 h registradas,Publicada el 12 de septiembre de 2024,muy weno perdi todos mis items y lo desintale
A 1 persona le pareci√≥ √∫til esta rese√±a,1 persona encontr√≥ divertida esta rese√±a,Recomendado,32.7 h registradas,Publicada el 22 de julio de 2024,"pinche juego esta bien culero. hay mejores cosas que jugar alv.
‚°¥‚†ë‚°Ñ‚†Ä‚†Ä‚†Ä‚†Ä‚†Ä‚†Ä‚†Ä ‚£Ä‚£Ä‚£§‚£§‚£§‚£Ä‚°Ä
‚†∏‚°á‚†Ä‚†ø‚°Ä‚†Ä‚†Ä‚†Ä‚£Ä‚°¥‚¢ø‚£ø‚£ø‚£ø‚£ø‚£ø‚£ø‚£ø‚£∑‚£¶‚°Ä
‚†Ä‚†Ä‚†Ä‚†Ä‚†ë‚¢Ñ‚£†‚†æ‚†Å‚£Ä‚£Ñ‚°à‚†ô‚£ø‚£ø‚£ø‚£ø‚£ø‚£ø‚£ø‚£ø‚£Ü ta bueno
‚†Ä‚†Ä‚†Ä‚†Ä‚¢Ä‚°Ä‚†Å‚†Ä‚†Ä‚†à‚†ô‚†õ‚†Ç‚†à‚£ø‚£ø‚£ø‚£ø‚£ø‚†ø‚°ø‚¢ø‚£Ü
‚†Ä‚†Ä‚†Ä‚¢Ä‚°æ‚£Å‚£Ä‚†Ä‚†¥‚†Ç‚†ô‚£ó‚°Ä‚†Ä‚¢ª‚£ø‚£ø‚†≠‚¢§‚£¥‚£¶‚£§‚£π‚†Ä‚†Ä‚†Ä‚¢Ä‚¢¥‚£∂‚£Ü
‚†Ä‚†Ä‚¢Ä‚£æ‚£ø‚£ø‚£ø‚£∑‚£Æ‚£Ω‚£æ‚£ø‚£•‚£¥‚£ø‚£ø‚°ø‚¢Ç‚†î‚¢ö‚°ø‚¢ø‚£ø‚£¶‚£¥‚£æ‚†∏‚£º‚°ø
‚†Ä‚¢Ä‚°û‚†Å‚†ô‚†ª‚†ø‚†ü‚†â‚†Ä‚†õ‚¢π‚£ø‚£ø‚£ø‚£ø‚£ø‚£å‚¢§‚£º‚£ø‚£æ‚£ø‚°ü‚†â
‚†Ä‚£æ‚£∑‚£∂‚†á‚†Ä‚†Ä‚£§‚£Ñ‚£Ä‚°Ä‚†à‚†ª‚£ø‚£ø‚£ø‚£ø‚£ø‚£ø‚£ø‚£ø‚£ø‚£ø‚°á
‚†Ä‚†â‚†à‚†â‚†Ä‚†Ä‚¢¶‚°à‚¢ª‚£ø‚£ø‚£ø‚£∂‚£∂‚£∂‚£∂‚£§‚£Ω‚°π‚£ø‚£ø‚£ø‚£ø‚°á
‚†Ä‚†Ä‚†Ä‚†Ä‚†Ä‚†Ä‚†Ä‚†â‚†≤‚£Ω‚°ª‚¢ø‚£ø‚£ø‚£ø‚£ø‚£ø‚£ø‚£∑‚£ú‚£ø‚£ø‚£ø‚°á
‚†Ä‚†Ä ‚†Ä‚†Ä‚†Ä‚†Ä‚†Ä‚¢∏‚£ø‚£ø‚£∑‚£∂‚£Æ‚£≠‚£Ω‚£ø‚£ø‚£ø‚£ø‚£ø‚£ø‚£ø‚†á
‚†Ä‚†Ä‚†Ä‚†Ä‚†Ä‚†Ä‚£Ä‚£Ä‚£à‚£ø‚£ø‚£ø‚£ø‚£ø‚£ø‚£ø‚£ø‚£ø‚£ø‚£ø‚£ø‚£ø‚†á
‚†Ä‚†Ä‚†Ä‚†Ä‚†Ä‚†Ä‚¢ø‚£ø‚£ø‚£ø‚£ø‚£ø‚£ø‚£ø‚£ø‚£ø‚£ø‚£ø‚£ø‚£ø‚£ø"
A 1 persona le pareci√≥ √∫til esta rese√±a,1 persona encontr√≥ divertida esta rese√±a,Recomendado,74.6 h registradas,Publicada el 9 de agosto de 2024,"Juegardo amigo, si ten√©s dos dedos de frente pod√©s ganar. Los que publican rese√±as negativas son terribles trolitas que no saben jugar."
A 1 persona le pareci√≥ √∫til esta rese√±a,0,Recomendado,17.3 h registradas,Publicada el 29 de septiembre de 2024,esta muy bueno o unico malo es que le esta faltando el idioma espa√±ol.
A 1 persona le pareci√≥ √∫til esta rese√±a,0,Recomendado,317.4 h registradas,Publicada el 19 de julio de 2024,"Jugue mucho Dark and Darker y aunque me parecio un buen juego con problemas de balance, no lo recomende por que el precio para poder disfrutar del todo el juego me parecia exesivo para el contenido que ofrece, y la version free to play no me parecio algo disfrutable.
Dungeonborne esta ""inspirado"" en Dark and Darker, incluso usa algunos assets que son exactamente los mismos, pero eso es por que DaD no creo muchos assets si no que los compro, de la misma forma que hizo DB asi que ambos juegos usan assets similares.
DaD me parecio un buen juego, aunque con sus problemas. Dungeonborne me parece que es mas de lo mismo, pero incluso manejan algunas mecanicas mucho mejor y se centra mas en divertirse que en ser tryhard. Lo disfrute mucho en la beta, y ahora en el earlie access.
En resumen: Dungeonborne es un poco mejor que Dark and Darker, especialmente en el dise√±o de los mapas, graficos y jugabilidad. Y es totalmente gratis. Si hubiera costado 30 dolares, tampoco lo hubiera recomendado, pero es gratis, y aparentemente sin resitricciones ni trucos oscuros ni pay to win. Asi que lo recomiendo 100%. Denle gas."
Nadie ha calificado esta rese√±a como √∫til todav√≠a,0,Recomendado,31.2 h registradas,Publicada el 2 de diciembre de 2024,"Dungeonborne es un t√≠tulo que mezcla elementos de juegos de mazmorras cl√°sicos con mec√°nicas de PvP y PvE, en un formato que apuesta por el modelo free-to-play. Presentado como un juego en primera persona, ofrece a los jugadores la oportunidad de explorar mazmorras desafiantes mientras enfrentan criaturas y a otros jugadores en combates t√°cticos. Sin embargo, su lanzamiento en acceso anticipado ha suscitado cr√≠ticas mixtas, debido a problemas de estabilidad y manejo por parte de los desarrolladores.
Aspectos Positivos
Dise√±o Visual y Sonoro: Las mazmorras destacan por sus dise√±os interesantes, con dimensiones verticales y enemigos variados. Los efectos visuales y el dise√±o de audio a√±aden inmersi√≥n al juego‚Äã.
Concepto Prometedor: Combina exploraci√≥n y combate competitivo en un entorno de mazmorras, un concepto que atrajo a una comunidad activa durante su debut‚Äã.
Cr√≠ticas Recibidas
Problemas de Matchmaking: Los tiempos de espera en cola para emparejamientos pueden ser excesivamente largos, afectando la experiencia de juego‚Äã.
Falta de Actualizaciones: Los jugadores han se√±alado la falta de contenido nuevo y actualizaciones, lo que ha llevado a que el juego sea percibido como abandonado por sus desarrolladores‚Äã.
Problemas T√©cnicos: Los servidores y el rendimiento general del juego han recibido quejas constantes desde su lanzamiento.
Estado Actual
El juego ha pasado de tener una comunidad activa a un descenso dr√°stico en jugadores, lo que lo coloca en una situaci√≥n complicada. Aunque el concepto de Dungeonborne tiene potencial, la falta de soporte continuo y problemas t√©cnicos han impactado negativamente su reputaci√≥n. Es una opci√≥n a considerar si est√°s interesado en un t√≠tulo experimental, pero es recomendable investigar m√°s antes de invertir tiempo o dinero."
Nadie ha calificado esta rese√±a como √∫til todav√≠a,0,No recomendado,33.5 h registradas,Publicada el 21 de septiembre de 2024,"MALDITOS MISERABLES CERRARON LOS SERVER EN SA, LO JUGU√â D√çA UNO TEN√çAN POTENCIAL, A√ëORABA QUE MEJORARAN Y AHORA NOS ECHAN DEL JUEGO"
Nadie ha calificado esta rese√±a como √∫til todav√≠a,0,No recomendado,33.9 h registradas,Publicada el 9 de septiembre de 2024,Pongan un server en mi casa que sino anda re lagueado
Nadie ha calificado esta rese√±a como √∫til todav√≠a,0,Recomendado,144.4 h registradas,Publicada el 6 de septiembre de 2024,goty
Nadie ha calificado esta rese√±a como √∫til todav√≠a,0,Recomendado,29.2 h registradas,Publicada el 4 de agosto de 2024,esta rico
A 1 persona le pareci√≥ √∫til esta rese√±a,0,No recomendado,5.0 h registradas,Publicada el 2 de septiembre de 2024,que pinga de juego y aparte no esta en espa√±ol
A 1 persona le pareci√≥ √∫til esta rese√±a,1 persona encontr√≥ divertida esta rese√±a,No recomendado,14.4 h registradas,Publicada el 21 de julio de 2024,ping de 80 a 100 con server en brasil supuestamente
A 3 personas les pareci√≥ √∫til esta rese√±a,2 personas encontraron divertida esta rese√±a,No recomendado,3.0 h registradas,Publicada el 24 de julio de 2024,"malo, no est√° en espa√±ol, es tosco, repetitivo... mec√°nicas b√°sicas todo oscuro... p√©simo juego"
Nadie ha calificado esta rese√±a como √∫til todav√≠a,0,Recomendado,16.9 h registradas,Publicada el 19 de julio de 2024,"‚°¥‚†ë‚°Ñ‚†Ä‚†Ä‚†Ä‚†Ä‚†Ä‚†Ä‚†Ä ‚£Ä‚£Ä‚£§‚£§‚£§‚£Ä‚°Ä
‚†∏‚°á‚†Ä‚†ø‚°Ä‚†Ä‚†Ä‚†Ä‚£Ä‚°¥‚¢ø‚£ø‚£ø‚£ø‚£ø‚£ø‚£ø‚£ø‚£∑‚£¶‚°Ä
‚†Ä‚†Ä‚†Ä‚†Ä‚†ë‚¢Ñ‚£†‚†æ‚†Å‚£Ä‚£Ñ‚°à‚†ô‚£ø‚£ø‚£ø‚£ø‚£ø‚£ø‚£ø‚£ø‚£Ü ta bueno
‚†Ä‚†Ä‚†Ä‚†Ä‚¢Ä‚°Ä‚†Å‚†Ä‚†Ä‚†à‚†ô‚†õ‚†Ç‚†à‚£ø‚£ø‚£ø‚£ø‚£ø‚†ø‚°ø‚¢ø‚£Ü
‚†Ä‚†Ä‚†Ä‚¢Ä‚°æ‚£Å‚£Ä‚†Ä‚†¥‚†Ç‚†ô‚£ó‚°Ä‚†Ä‚¢ª‚£ø‚£ø‚†≠‚¢§‚£¥‚£¶‚£§‚£π‚†Ä‚†Ä‚†Ä‚¢Ä‚¢¥‚£∂‚£Ü
‚†Ä‚†Ä‚¢Ä‚£æ‚£ø‚£ø‚£ø‚£∑‚£Æ‚£Ω‚£æ‚£ø‚£•‚£¥‚£ø‚£ø‚°ø‚¢Ç‚†î‚¢ö‚°ø‚¢ø‚£ø‚£¶‚£¥‚£æ‚†∏‚£º‚°ø
‚†Ä‚¢Ä‚°û‚†Å‚†ô‚†ª‚†ø‚†ü‚†â‚†Ä‚†õ‚¢π‚£ø‚£ø‚£ø‚£ø‚£ø‚£å‚¢§‚£º‚£ø‚£æ‚£ø‚°ü‚†â
‚†Ä‚£æ‚£∑‚£∂‚†á‚†Ä‚†Ä‚£§‚£Ñ‚£Ä‚°Ä‚†à‚†ª‚£ø‚£ø‚£ø‚£ø‚£ø‚£ø‚£ø‚£ø‚£ø‚£ø‚°ácompralo
‚†Ä‚†â‚†à‚†â‚†Ä‚†Ä‚¢¶‚°à‚¢ª‚£ø‚£ø‚£ø‚£∂‚£∂‚£∂‚£∂‚£§‚£Ω‚°π‚£ø‚£ø‚£ø‚£ø‚°á
‚†Ä‚†Ä‚†Ä‚†Ä‚†Ä‚†Ä‚†Ä‚†â‚†≤‚£Ω‚°ª‚¢ø‚£ø‚£ø‚£ø‚£ø‚£ø‚£ø‚£∑‚£ú‚£ø‚£ø‚£ø‚°á
‚†Ä‚†Ä ‚†Ä‚†Ä‚†Ä‚†Ä‚†Ä‚¢∏‚£ø‚£ø‚£∑‚£∂‚£Æ‚£≠‚£Ω‚£ø‚£ø‚£ø‚£ø‚£ø‚£ø‚£ø‚†á
‚†Ä‚†Ä‚†Ä‚†Ä‚†Ä‚†Ä‚£Ä‚£Ä‚£à‚£ø‚£ø‚£ø‚£ø‚£ø‚£ø‚£ø‚£ø‚£ø‚£ø‚£ø‚£ø‚£ø‚†á
‚†Ä‚†Ä‚†Ä‚†Ä‚†Ä‚†Ä‚¢ø‚£ø‚£ø‚£ø‚£ø‚£ø‚£ø‚£ø‚£ø‚£ø‚£ø‚£ø‚£ø‚£ø‚£ø"
Nadie ha calificado esta rese√±a como √∫til todav√≠a,0,No recomendado,24.1 h registradas,Publicada el 28 de agosto de 2024,"el juego empezo saliendo con server en latam, despues al pedido de la gente lo agregaron y ahora como el juego es malo y la gente dejo de jugarlo decidieron ""unificar"" los server de america y llamarlo ""americas"". lo que enrealidad hicieron es eliminar todos los server de america excepto el de EEUU (obviamente) asi que de nuevo los de latam jugamos a 230 de ping. y ellos pagan menos servers...... jueguen dark and darker gente"
Nadie ha calificado esta rese√±a como √∫til todav√≠a,0,Recomendado,39.8 h registradas,Publicada el 4 de agosto de 2024,"Como dark and darker pero mejor. Tiene mejor combate, tiene un sistema de crafteo de equipo que vos podes personalizar hasta cierto punto y ENCIMA es m√°s gratis que dark and darker. Ac√° te podes crear todas las clases sin tener que poner ni un peso. Es mejor, jueguen este."
A 1 persona le pareci√≥ √∫til esta rese√±a,0,No recomendado,2.0 h registradas,Publicada el 3 de agosto de 2024,"estaba bueno, hasta que descubrimos que es un battle royal, seria mejor y entretenido si tuviera la opcion de JcE, sin tener que toparte con la desagradable gente que solo te busca para matarte"
A 1 persona le pareci√≥ √∫til esta rese√±a,0,No recomendado,3.6 h registradas,Publicada el 25 de julio de 2024,"Dark and Darker copy
Exact same thing"
Nadie ha calificado esta rese√±a como √∫til todav√≠a,0,No recomendado,0.6 h registradas,Publicada el 23 de marzo,bue
Nadie ha calificado esta rese√±a como √∫til todav√≠a,0,No recomendado,16.2 h registradas,Publicada el 1 de marzo,no
Nadie ha calificado esta rese√±a como √∫til todav√≠a,0,No recomendado,3.7 h registradas,Publicada el 22 de febrero,no se puede jugar no encuentra partida
Nadie ha calificado esta rese√±a como √∫til todav√≠a,0,No recomendado,33.6 h registradas,Publicada el 14 de enero,Juego muerto
Nadie ha calificado esta rese√±a como √∫til todav√≠a,0,No recomendado,37.4 h registradas,Publicada el 29 de diciembre de 2024,abandonado y cerraron servidores para latinoamerica
A 3 personas les pareci√≥ √∫til esta rese√±a,1 persona encontr√≥ divertida esta rese√±a,No recomendado,3.1 h registradas,Publicada el 30 de julio de 2024,"La verdad no lo recomiendo, es un juego de celular adaptado a PC pero sigue teniendo las misma mec√°nicas como cualquier juego de celular donde si queres ganar tenes que pagar"
Nadie ha calificado esta rese√±a como √∫til todav√≠a,1 persona encontr√≥ divertida esta rese√±a,No recomendado,1.5 h registradas,Publicada el 22 de julio de 2024,"Completamente desbalanceado. Estas abriendo un cofre, se te acerca un guerrero y solo tiene que apretar la Q para matarte tranquilamente girando la espada ""la estupidez mas grande del mundo porque ni siquiera el hombre lobo te mata de 1 hit"".
La movilidad es asquerosa, el combate tienen que hacer algo porque todo lo que vuela es casi imposible de acertar hits y mas con esas hit boxes que dan calambre, los duendes pr√°cticamente sino te agachas es ‚ô•‚ô•‚ô•‚ô•‚ô•‚ô• darles el hit, y as√≠ podr√≠a estar hablando del calambre que tiene el juego.
Y vuelvo a repetir, un guerrero con solo la Q ya te ‚ô•‚ô•‚ô•‚ô• la vida porque no podes alejarte ya que se mueve con la misma velocidad, porque ni siquiera pensaron en eso, y encima pega demasiado, y sumale que se te pone al lado con la E."
A 1 persona le pareci√≥ √∫til esta rese√±a,0,No recomendado,2.0 h registradas,Publicada el 27 de julio de 2024,"Malisimo , si eres nuevo en el juego como uno te nivela con   jugadores que no tienen vida  , con equipamiento legendario , repito  , al menos que tengas amigos para jugarlo , no te lo recomiendo en solitario ."
Nadie ha calificado esta rese√±a como √∫til todav√≠a,0,No recomendado,2.6 h registradas,Publicada el 22 de julio de 2024,"Cuando ves el icono de cooperativo y PvP en las caracter√≠sticas del juego en steam tal vez pienses que son dos modos diferentes y que es un juego para cooperar y pasar una mazmorra o duelos entre jugadores, estas equivocado. El juego se trata de matar jugadores por la espalda mientras est√°n intentando pasar la mazmorra y robarle sus cosas. Que agradables sujetos :)"
Nadie ha calificado esta rese√±a como √∫til todav√≠a,0,Recomendado,10.1 h registradas,Publicada el 3 de diciembre de 2024,Bien
Nadie ha calificado esta rese√±a como √∫til todav√≠a,0,Recomendado,0.3 h registradas,Publicada el 28 de noviembre de 2024,"Buen juego, variedad de personajes, con una peque√±a gu√≠a quedas listo para meterle 889 horas la verdad."
Nadie ha calificado esta rese√±a como √∫til todav√≠a,1 persona encontr√≥ divertida esta rese√±a,No recomendado,27.3 h registradas,Publicada el 28 de noviembre de 2024,buen juego
Nadie ha calificado esta rese√±a como √∫til todav√≠a,0,Recomendado,2.6 h registradas,Publicada el 28 de noviembre de 2024,ta piola
Nadie ha calificado esta rese√±a como √∫til todav√≠a,0,Recomendado,99.2 h registradas,Publicada el 27 de noviembre de 2024,Se murio :(
Nadie ha calificado esta rese√±a como √∫til todav√≠a,0,Recomendado,28.9 h registradas,Publicada el 27 de noviembre de 2024,si
Nadie ha calificado esta rese√±a como √∫til todav√≠a,0,No recomendado,19.0 h registradas,Publicada el 27 de noviembre de 2024,juego malo
Nadie ha calificado esta rese√±a como √∫til todav√≠a,0,Recomendado,10.9 h registradas,Publicada el 27 de noviembre de 2024,no se jugarlo
Nadie ha calificado esta rese√±a como √∫til todav√≠a,0,Recomendado,16.9 h registradas,Publicada el 17 de octubre de 2024,muy entretenido y un pvp disfrutable
Nadie ha calificado esta rese√±a como √∫til todav√≠a,0,No recomendado,46.3 h registradas,Publicada el 9 de octubre de 2024,juego muerto me aburr√≠ de esperar los servidores de SA.
Nadie ha calificado esta rese√±a como √∫til todav√≠a,0,No recomendado,48.0 h registradas,Publicada el 3 de octubre de 2024,tremendo asco lleno de ratas dark and darker 100 veces mejor
Nadie ha calificado esta rese√±a como √∫til todav√≠a,0,No recomendado,0.7 h registradas,Publicada el 22 de septiembre de 2024,No SA server
Nadie ha calificado esta rese√±a como √∫til todav√≠a,0,Recomendado,150.0 h registradas,Publicada el 3 de octubre de 2024,"En comparaci√≥n con Dark and Darker mejora la jugabilidad con combates m√°s r√°pidos, mayor iluminaci√≥n, mapas grandes, mejoras por sets, mejoras por alcanzar un valor de stats seg√∫n tu clase, mejora de stats con cada nivel, items compartidos entre todos tus PJs, sin limite de PJs, facil armado del PJ con el heirloom, facilidad de venta de objetos y mejores gr√°ficos.
Falla en algunos collider, como el D&D, como ciertas maderas de escaleras, peque√±os objetos como una vara, intentar subir a lugares bajos que no es posible, o el collider del √°rbol del druida.
Tiene sus desbalances, errores o molestias como el Swordmaster dej√°ndote en menos del 50% de vida con una habilidad, el empujar del Pyro que te afecta con una pared de por medio, el lanzamientos de frascos de un solo lado, los slots de frascos (sobre todo para pyro y cl√©rigo), el corto tiempo de preparaci√≥n entre rondas en arena, la larga duraci√≥n y cantidad de slows, el bloqueo del 100% de da√±o fisico haciendo que algunos PJs te tiren debuff y se queden en una esquina bloqueando, la pantera que queda en el aire saltando, el √°rbol del druida que no pega estando un poco elevado, los √°rboles que se pegan entre ellos ignorando a los enemigos, unificar los servidores americanos haciendo imposible entrar a la aventura hasta que estabilizaron la latencia, etc.
A√∫n con todo lo mencionado me parece lo mejor dentro del g√©nero pero la realidad es que se est√° desangrando actualmente de jugadores, quiz√° por llegar tarde, espero que puedan levantar ya que no es para nada un mal juego."
Nadie ha calificado esta rese√±a como √∫til todav√≠a,0,No recomendado,43.2 h registradas,Publicada el 22 de septiembre de 2024,Mataron los servidores de Latinoamerica
Nadie ha calificado esta rese√±a como √∫til todav√≠a,0,Recomendado,13.4 h registradas,Publicada el 14 de septiembre de 2024,X3
Nadie ha calificado esta rese√±a como √∫til todav√≠a,0,No recomendado,285.7 h registradas,Publicada el 1 de octubre de 2024,"Ni siquiera en la CDMX hay un buen ping para latinoamerica, injugable si no utilizas las clases a melee, pyromantico es imposible de juagar si te enfrentas a cualquier jugador de otra clase, el meta del juego solo es deathknights y figthers cazando jugadores, la mayoria de las veces haciendo equipo en modos de un jugador, matando a cualquiera que se atreva a mirarlos y en lobbies con requisito de llevar equipamiento de alto nivel solo vas a ver a rouges que te matan por la espalda sin que los puedas o√≠r o detectar por alg√∫n medio
Cryomancer y pyromantico siendo clases a distancia se mueven tan lento tanto fuera de combate como al castear cualquier ataque que son siempre forzados a estar si acaso a corta distancia tanto de npc's como de otros jugadores
Todas la clases a melee obtienen un escudo cuando activan sus habilidades utilizando unos cuantos accesorios para subir una sola estad√≠stica
El escudo que puede tener el cryomancer como habilidad solo soporta un ataque normal de una espada larga y tiene un cooldown largo
El sistema de rangos que se desbloquea cuando un personaje llega a nivel 20 solo incentiva una comunidad toxica que va matando a cualquier jugador nuevo o inexperto
Mapas peque√±os hechos nada m√°s para el melee y que los nuevos jugadores terminen acorralados por uno o m√°s juagores con equipo de m√°s alto rango y m√°s experiencia y no otra cosa"
Nadie ha calificado esta rese√±a como √∫til todav√≠a,0,No recomendado,1.0 h registradas,Publicada el 8 de septiembre de 2024,Una poronga
Nadie ha calificado esta rese√±a como √∫til todav√≠a,0,No recomendado,50.3 h registradas,Publicada el 8 de septiembre de 2024,que pasa como hacen que el juego sea imposible de jugar con una actualizaci√≥n
A 1 persona le pareci√≥ √∫til esta rese√±a,0,Recomendado,0.6 h registradas,Publicada el 26 de septiembre de 2024,me gusta mucho este juego lo juego con mi otra cuenta y tengo varias horas estoy seguro que este juego no va a morir y va a mejorar mucho :D
Nadie ha calificado esta rese√±a como √∫til todav√≠a,0,No recomendado,50.6 h registradas,Publicada el 13 de septiembre de 2024,"El juego es bastante bueno pero los bobtos decidieron eliminar el servidor de LATAM y si te gusta jugar con 200+ de ping, entonces desc√°rgalo."
Nadie ha calificado esta rese√±a como √∫til todav√≠a,0,No recomendado,152.3 h registradas,Publicada el 8 de septiembre de 2024,200 ms en SA? qu√© manera de cagarla...
A 1 persona le pareci√≥ √∫til esta rese√±a,0,No recomendado,233.9 h registradas,Publicada el 7 de septiembre de 2024,"Sin server en SA es jugar con 200ms, el peor cambio hecho sin duda."
Nadie ha calificado esta rese√±a como √∫til todav√≠a,0,No recomendado,54.9 h registradas,Publicada el 7 de septiembre de 2024,"Injugable, ping desastroso contra personas con 20 ms. Desinstalado hasta que se retracten...
#BRINGBACKSASERVERS"
A 1 persona le pareci√≥ √∫til esta rese√±a,0,No recomendado,8.0 h registradas,Publicada el 6 de septiembre de 2024,"I started playing recently, and then, just close South America server, doesnt recommend for us."
Nadie ha calificado esta rese√±a como √∫til todav√≠a,0,No recomendado,106.8 h registradas,Publicada el 6 de septiembre de 2024,sacaron los servers latinos hay mas de 200 de ping quedo injugable
A 1 persona le pareci√≥ √∫til esta rese√±a,0,No recomendado,5.8 h registradas,Publicada el 7 de septiembre de 2024,"como van a sacar los servidores en SA!!!!!!!!!!!!!!! un juego pvp con 200 de ping,se les flitra el cerebro por los oidos a los de este juego"
Nadie ha calificado esta rese√±a como √∫til todav√≠a,0,No recomendado,51.5 h registradas,Publicada el 7 de septiembre de 2024,"No entiendo como pasas de tener un juego tan lindo a esto en 1 mes, pero ac√° estamos.
Independientemente de que no me guste como los developers manejas las sugerencias, o el balanceo, o el contenido directamente, que combinaran los servidores y pase de 50 de ping a 220 opaca cualquier expectativa o intensi√≥n que tuviese de seguir disfrutando este juego."
Nadie ha calificado esta rese√±a como √∫til todav√≠a,0,No recomendado,112.4 h registradas,Publicada el 7 de septiembre de 2024,"quitaron los servidores de sa, de tener 60 de ping a tener 180  injugable quedo, nunca les importo la comunidad latina, estaba en todos los idiomas menos en espa√±ol, el juego esta bueno pero si eres de sudamerica ni lo descargues esta injugable con ese ping, una desepcion total"
Nadie ha calificado esta rese√±a como √∫til todav√≠a,0,No recomendado,55.8 h registradas,Publicada el 6 de septiembre de 2024,"""Hey man, A lot of people are leaving our game :( What are we suppose to do? Oh I know, Lets delete A WHOLE SERVER (SouthAmerica) just because we feel like it""
Are you guys really this stupid? How could you delete a whole server and think that it is a good idea?"
A 1 persona le pareci√≥ √∫til esta rese√±a,0,No recomendado,475.2 h registradas,Publicada el 6 de septiembre de 2024,"The game was Ultra fun , but since Devs  make that wonderful choice to merge servers  Ping is just a big no for me  , from 60 ms to 220 , just unplayable"
Nadie ha calificado esta rese√±a como √∫til todav√≠a,0,No recomendado,47.3 h registradas,Publicada el 6 de septiembre de 2024,Me borraron el servidor hijos de re mil ‚ô•‚ô•‚ô•‚ô•
A 2 personas les pareci√≥ √∫til esta rese√±a,0,No recomendado,78.5 h registradas,Publicada el 6 de septiembre de 2024,"Devs be like:
- To ensure a better matchmaking experience, US West, US East, and South America has been merged to ""Americas"""
A 3 personas les pareci√≥ √∫til esta rese√±a,0,No recomendado,441.8 h registradas,Publicada el 6 de septiembre de 2024,"Rip South America Servers.
Forros."
Nadie ha calificado esta rese√±a como √∫til todav√≠a,0,No recomendado,138.8 h registradas,Publicada el 31 de agosto de 2024,"No balanceo, hacks y un ""matchmaking"" deficiente"
A 1 persona le pareci√≥ √∫til esta rese√±a,0,Recomendado,6.8 h registradas,Publicada el 28 de agosto de 2024,Juegazo
Nadie ha calificado esta rese√±a como √∫til todav√≠a,0,No recomendado,0.7 h registradas,Publicada el 25 de agosto de 2024,Crash
Nadie ha calificado esta rese√±a como √∫til todav√≠a,0,Recomendado,10.7 h registradas,Publicada el 24 de agosto de 2024,.
Nadie ha calificado esta rese√±a como √∫til todav√≠a,0,No recomendado,225.6 h registradas,Publicada el 6 de septiembre de 2024,"Una lastima lo que hicieron con los servidores, la supuesta ""fusion"" nos dejo a todo LATAM jugando con mas lag que la hna de ya saben quien..."
A 2 personas les pareci√≥ √∫til esta rese√±a,0,No recomendado,113.5 h registradas,Publicada el 6 de septiembre de 2024,"Cerraron el server de latinoamerica y el de estados unidos este, ahora imposible jugar sin ping... ya no toco mas este juego a los devs no le importan los latinos."
Nadie ha calificado esta rese√±a como √∫til todav√≠a,0,No recomendado,45.6 h registradas,Publicada el 22 de agosto de 2024,"PEOR Juego de la historia ni pierdas el tiempo descarg√°ndolo esta atascado de bugs y jugadores gandayas.
Bueno mi experiencia en el juego es buena en general, si te gusta el PVP medieval es bueno salvo que los sistemas de emparejamiento est√°n horribles (el equipo realmente hace la diferencia entre jugadores) tienen muy poco equilibrio entre las clases es decir, El druida por ejemplo esta super OP en comparaci√≥n con otros personajes. No tienes un modo de practicar, y apenas consigues algo verde para poder ir armando personaje, y no falta el team ojete que solo se mete a casar te matan y perdiste todo, la replica del modo de fortnite no esta malo pero te obliga a tener que enfrentar a otros personajes. No esta malo el juego es bueno pero si lo que te gusta es explorar dungeon y enfrentar enemigos para sacar equipo este no es tu juego. Termina siendo un PVP SI el juego tuviera un modo Solo seria genial por que el trabajo en enemigos, escenarios y entorno es realmente bueno. Lastima que no cuente con ello."
Nadie ha calificado esta rese√±a como √∫til todav√≠a,0,Recomendado,13.6 h registradas,Publicada el 22 de agosto de 2024,BUENA JUEGO
Nadie ha calificado esta rese√±a como √∫til todav√≠a,0,Recomendado,19.8 h registradas,Publicada el 18 de agosto de 2024,"ta bueno, dale la oportunidad, es viciante ojito."
Nadie ha calificado esta rese√±a como √∫til todav√≠a,0,Recomendado,4.5 h registradas,Publicada el 16 de agosto de 2024,s
Nadie ha calificado esta rese√±a como √∫til todav√≠a,0,Recomendado,14.1 h registradas,Publicada el 15 de agosto de 2024,TA BIEN üëç
Nadie ha calificado esta rese√±a como √∫til todav√≠a,0,No recomendado,46.3 h registradas,Publicada el 12 de agosto de 2024,"Que juego de ‚ô•‚ô•‚ô•‚ô•‚ô•‚ô• mal balanceado, igual entretiene."
Nadie ha calificado esta rese√±a como √∫til todav√≠a,0,Recomendado,62.4 h registradas,Publicada el 8 de agosto de 2024,mas weno que el pico
Nadie ha calificado esta rese√±a como √∫til todav√≠a,0,Recomendado,47.7 h registradas,Publicada el 8 de agosto de 2024,LA PICHULEIRE
Nadie ha calificado esta rese√±a como √∫til todav√≠a,0,No recomendado,8.6 h registradas,Publicada el 14 de agosto de 2024,"Bueno, despues de 8 horas jugadas... puedo decir que... Juegues Rogue y ya esta. Ese es el juego. Si jugas cualquier otra cosa, un Rogue te matara."
Nadie ha calificado esta rese√±a como √∫til todav√≠a,0,Recomendado,172.2 h registradas,Publicada el 13 de agosto de 2024,"Uno de los mejores extraction game que probe en estos ultimos a√±os, solo superado tal vez por SFT dependiendo de gustos.
Este titulo ofrece un gameplay mas rapido y ""smooth"" que su competidor Dark and Darker, habiendo jugado solo la demo de este, esta entrega me gusto muchisimo mas que el anteriormente nombrado y ofrece un gameplay mas variado en donde se hace mas enfoque en el PvP (dependiendo claro del mapa elegido) donde las distintas clases toman un rol extremadamente importante sumado la mecanica de los ""world bosses"" distribuidos por todo el mapa.
El juego se encuentra en su primera version de desarrollo Y SE NOTA. Me refiero en este apartado a la caracteristica de inmersi√≥n, gameplay y economia dentro del juego, ya que a nivel visual y de rendimiento, el juego esta bastante por encima de los que yo esperaba. En cuanto a la inmersion y gameplay que mencione anteriormente se pierde un poco en estas recientes versiones del juego, ya que se nota demasiado lo rotas que estan ciertas clases por sobre otras. Existen 8 clases en su totalidad con sus distintas habilidades y formas de jugar las mismas pero por como estan dise√±adas parece mentira que solo se jueguen 3 como mucho porque, con diferencia, aplastan a las otras 5 y en juegos de este estilo, donde en cada run todo tu inventario esta en juego nadie va a arriesgarse a entrar con items que valen mucho dinero con una clase que es useless o esta fuera del meta. Lo cual le quita todo el sentido de jugar una clase que se guste o te sientas comodo con su estilo de gameplay, ya que vas a cruzarte con un player con una clase que esta totalmente desbalanceada y te va a aplastar sin que puedas si quiera defenderte. Esto son mencionar el famoso Life on Hit, que los jugadores activos conoceran e hizo injugable el titulo durante largos dias debido al desbalanceo de dicha mecanica (PD: ya fue parcheado, no se asusten).
En cuanto a la economia parece haber una muy buena estabilidad y estar muy bien dise√±ado a nivel general, pero hace muy poco se descubrio un bug en la tienda donde se podian vender y recuperar los items vendidos DUPLICANDOLOS en el proceso, lo que genero que lobbys enteros de personas tuvieran los items mas broken del juego sin riesgo a perderlos ya que realmente eran un duplicado de los originales.
Como digo, son pocos errores, pero importantes. Esto es normal en un juego en primer fase y constante desarrollo, encontrarse con estos bugs y errores de la mano del propio juego ya que no se trata de un hackers o exploits con programas de terceros. El juego tiene mucho apoyo de la comunidad, peleas con jefes hermosas, team fights dinamicas y tiene muchisimo futuro, apuesto por el proyecto y si administra bien puede ser un referente en cuando al genero de extraccion medieval.
Totalmente recomendado y aun mas, si lo jugas con amigos."
Nadie ha calificado esta rese√±a como √∫til todav√≠a,0,Recomendado,12.4 h registradas,Publicada el 8 de agosto de 2024,Es un Dark and Darker mas arcade y FREE. Tiene una curva de aprendizaje mas r√°pida y eso lo hace mas rentable para players que no tenemos las 24 horas del d√≠a para jugar.
Nadie ha calificado esta rese√±a como √∫til todav√≠a,0,Recomendado,51.5 h registradas,Publicada el 8 de agosto de 2024,"Buen juego, es entretenido y te hace querer farmear sin aburrirte, pero si que presenta un gran problema con los jugadores nuevos y es que no dan una opci√≥n solo PvE, en mi experiencia metiendo amigos que no tienen experiencia en este tipo de juegos, pero que les ha gustado igual, manifiestan que lo que les aburre es que de entrada al juego sea un PvP tan agresivo.
Por ende si estimo que es necesario una opci√≥n s√≥lo PvE, donde puedan acostumbrarse a las mec√°nicas b√°sicas, farmear equipo b√°sico del verde, para as√≠ acomular experiencia y se vayan de lleno al PvP luego de cierto tiempo, no mandar a la gente nueva a qu√© se frustre con jugadores m√°s experimentados."
Nadie ha calificado esta rese√±a como √∫til todav√≠a,0,No recomendado,121.5 h registradas,Publicada el 8 de agosto de 2024,Equipment dependent.
Nadie ha calificado esta rese√±a como √∫til todav√≠a,0,Recomendado,2.6 h registradas,Publicada el 8 de agosto de 2024,buen juego noma necesita el idioma espa√±ol y mas timepo en el juego pero super recomendable
Nadie ha calificado esta rese√±a como √∫til todav√≠a,1 persona encontr√≥ divertida esta rese√±a,Recomendado,54.2 h registradas,Publicada el 7 de agosto de 2024,Banshees qlias siono
Nadie ha calificado esta rese√±a como √∫til todav√≠a,0,Recomendado,24.3 h registradas,Publicada el 6 de agosto de 2024,"divertido, buenas graficas, excelente jugabilidad y distintos mapas y modos de juego."
Nadie ha calificado esta rese√±a como √∫til todav√≠a,0,Recomendado,28.4 h registradas,Publicada el 6 de agosto de 2024,ALTO
Nadie ha calificado esta rese√±a como √∫til todav√≠a,0,No recomendado,73.6 h registradas,Publicada el 5 de agosto de 2024,zz
Nadie ha calificado esta rese√±a como √∫til todav√≠a,0,Recomendado,10.4 h registradas,Publicada el 5 de agosto de 2024,Ta bien
Nadie ha calificado esta rese√±a como √∫til todav√≠a,0,Recomendado,21.3 h registradas,Publicada el 5 de agosto de 2024,"Me est√° encantando el juego, espero los devs sigan as√≠ de pendientes como van."
Nadie ha calificado esta rese√±a como √∫til todav√≠a,0,Recomendado,6.5 h registradas,Publicada el 6 de agosto de 2024,"Nerfeen al Druida, est√° totalmente desbalanceado, el Cryomancer es mi favorito, me gust√≥ el juego, buenas espectativas y encima es F2P y nada de P2W...
En cuanto entr√© al juego sent√≠ el combate como el de Skyrim, eso me atrap√≥ bastante puesto que TES:V es mi juego favorito en la vida, tiene gr√°ficos bonitos
Incre√≠ble juego !!!"
Nadie ha calificado esta rese√±a como √∫til todav√≠a,0,Recomendado,68.8 h registradas,Publicada el 4 de agosto de 2024,Vale la pena
Nadie ha calificado esta rese√±a como √∫til todav√≠a,0,Recomendado,14.0 h registradas,Publicada el 4 de agosto de 2024,juegasooooooooo
Nadie ha calificado esta rese√±a como √∫til todav√≠a,0,Recomendado,12.3 h registradas,Publicada el 3 de agosto de 2024,Dinamico y divertido
Nadie ha calificado esta rese√±a como √∫til todav√≠a,0,Recomendado,182.9 h registradas,Publicada el 3 de agosto de 2024,AYUDA NO PUEDO PARAR
Nadie ha calificado esta rese√±a como √∫til todav√≠a,0,No recomendado,55.2 h registradas,Publicada el 3 de agosto de 2024,Sacaron el server de latam
Nadie ha calificado esta rese√±a como √∫til todav√≠a,0,Recomendado,1.0 h registradas,Publicada el 3 de agosto de 2024,Si se pudiera jugar en equipos de 4 o 5 jugadores seria genial
Nadie ha calificado esta rese√±a como √∫til todav√≠a,0,No recomendado,54.5 h registradas,Publicada el 3 de agosto de 2024,"Buen juego, pero me da algo de molestia que no tenga traducci√≥n al espa√±ol. Le dar√© una buena rese√±a cuando esto cambie."
Nadie ha calificado esta rese√±a como √∫til todav√≠a,0,Recomendado,5.2 h registradas,Publicada el 2 de agosto de 2024,"Juegazo , slgo dificil pero de eso se trata el gaming ahora."
Nadie ha calificado esta rese√±a como √∫til todav√≠a,0,Recomendado,61.8 h registradas,Publicada el 4 de agosto de 2024,"> No P2W DLC like DnD
> Great animations for the mobs
> Huge synergies
> You don't move like you're a wood plank"
Nadie ha calificado esta rese√±a como √∫til todav√≠a,0,Recomendado,88.0 h registradas,Publicada el 2 de agosto de 2024,"Resumen: Es muy bueno, lo √∫nico que falla son cosas que se arreglaran  (8/10)
Recibe continuamente hotfixes cada que los necesita, est√°n siempre atentos a los comentarios de la gente, su comunidad participa activamente en las discusiones, creando gu√≠as y generando un ambiente decente, el gameplay es algo complicado de dominar pero fluido, siempre que cumplas los requisitos, siempre actualizan y resuelven bugs y problemas de rendimiento, el sistema de reportes funciona perfectamente, tambi√©n los ""tickets"" de quejas son super r√°pidos.
PD: los servers aun se est√°n puliendo y a pesar de que todav√≠a no esta en espa√±ol, se hace muy sencillo entender la mayor√≠a de apartados."
Nadie ha calificado esta rese√±a como √∫til todav√≠a,0,Recomendado,23.4 h registradas,Publicada el 31 de julio de 2024,Beb√≠ un vaso de agua mientras jugaba y estaba bastante rico.
Nadie ha calificado esta rese√±a como √∫til todav√≠a,0,Recomendado,"1,220.9 h registradas",Publicada el 31 de julio de 2024,el mejor juego
Nadie ha calificado esta rese√±a como √∫til todav√≠a,0,No recomendado,55.8 h registradas,Publicada el 31 de julio de 2024,Podre. Mataram o server SA.
Nadie ha calificado esta rese√±a como √∫til todav√≠a,0,Recomendado,46.4 h registradas,Publicada el 31 de julio de 2024,la verdad esta mucho mas pulido que antes y es mas entretenido
Nadie ha calificado esta rese√±a como √∫til todav√≠a,0,No recomendado,2.7 h registradas,Publicada el 30 de julio de 2024,"Lo mataron,felicidades xd"
Nadie ha calificado esta rese√±a como √∫til todav√≠a,0,Recomendado,9.2 h registradas,Publicada el 29 de julio de 2024,God
Nadie ha calificado esta rese√±a como √∫til todav√≠a,0,Recomendado,15.4 h registradas,Publicada el 29 de julio de 2024,sappeeeee
Nadie ha calificado esta rese√±a como √∫til todav√≠a,0,Recomendado,5.6 h registradas,Publicada el 31 de julio de 2024,No tengo problemas con el ingles pero digo yo que podrian poner el espa√±ol ya que meterion 300 idiomas que ni tu amigo ni el vecino saben hablarlo digo yo
Nadie ha calificado esta rese√±a como √∫til todav√≠a,0,Recomendado,106.0 h registradas,Publicada el 31 de julio de 2024,"El juego es genial en todos los sentidos. Las hitboxes, los sonidos, la ambientaci√≥n, y la jugabilidad est√°n muy bien pensados. Aunque puede parecer tosca, la jugabilidad es m√°s cercana a la realidad, donde si lanzas un ataque pesado con un arma grande, te toma tiempo bloquear despu√©s. Todas estas caracter√≠sticas hacen que realmente tengas que pensar antes de lanzar incluso un ataque b√°sico o una habilidad. Debes estar bien posicionado antes de mostrarte si quieres lanzar una habilidad que requiera mucho tiempo de casteo, y hay muchas otras cosas que le dan muchos puntos al juego.
Pero no es un juego amigable con los Crystal Player. Es un juego crudo donde tienes que meterle cabeza y estudio a todo. Por eso hay tantos llorones dando malas rese√±as. Aqu√≠ tienes que jugar de manera inteligente; el juego premia mucho tu atenci√≥n, intuici√≥n e inmersi√≥n en el mapa. El sonido est√° muy pulido y se escuchan las alturas, distancias y dem√°s, puedes saber si tus enemigos se encuentran arriba o detras tuyo si usas buenos cascos. Tambien debes jugar cada clase como corresponde, las cuales balancean todo el tiempo y escuchan mucho a la comunidad.
Un claro ejemplo: si eres Rogue, no pretendas ir de frente corriendo hacia un mago o un guerrero y ganar el PvP. Si mueres, es porque eres un idi0ta. El Rogue (en PvP) debe jugarse como un verdadero Rogue: sigiloso, persiguiendo a los enemigos, movi√©ndote sin ser o√≠do para sorprenderlos por la espalda y lograr dar un backstab. Si no, est√°s muerto, a menos que tengas mucha diferencia de equipo.
Leo las malas rese√±as y todas son de Crystal Player que quieren un jueguito para ir agarraditos de la mano por el mapa, lootear y salir de los portales sanos y salvos. Son jugadores meme."
Nadie ha calificado esta rese√±a como √∫til todav√≠a,0,Recomendado,37.9 h registradas,Publicada el 29 de julio de 2024,"A mi parecer , es un juegazo , hac√≠a rato no jugaba un juego tan b√°sico y a la ves tan emocionante , te atrapa mucho , preparate porque no es un juego facil pero si le metes unas horas vas a empezar a agarrarle el gusto a esta maravilla , un tip? No te frustres , vas a ser garchado por un goblin o una rata gigante  150 mil veces, es muy buen juego , si sos gamer de verdad de este tipo de juegos  dale una oportunidad a esta joyita , espero no muera el server latam <3"
Nadie ha calificado esta rese√±a como √∫til todav√≠a,0,Recomendado,35.0 h registradas,Publicada el 29 de julio de 2024,sexoborne
Nadie ha calificado esta rese√±a como √∫til todav√≠a,0,Recomendado,57.2 h registradas,Publicada el 28 de julio de 2024,Recuerda a juegos de antes pero un poco mas completo.
Nadie ha calificado esta rese√±a como √∫til todav√≠a,0,No recomendado,163.7 h registradas,Publicada el 28 de julio de 2024,"Hicieron MI#RD4 los Servers y el Juego, INJUGABLE, DEVS INUTILES"
Nadie ha calificado esta rese√±a como √∫til todav√≠a,0,Recomendado,29.3 h registradas,Publicada el 28 de julio de 2024,Esta muy bueno como un calabzos en 3D
Nadie ha calificado esta rese√±a como √∫til todav√≠a,0,Recomendado,11.8 h registradas,Publicada el 28 de julio de 2024,"Muy √©pico!, solo le falta estar traducido al espa√±ol para detalladamente entender algunas mec√°nicas de gameplay
y sus roles."
Nadie ha calificado esta rese√±a como √∫til todav√≠a,0,Recomendado,4.3 h registradas,Publicada el 28 de julio de 2024,"Ta piola pero mejoren el matchmaking. por ahora lo recomiendo, POR AHORA. Ya veremos"
Nadie ha calificado esta rese√±a como √∫til todav√≠a,0,No recomendado,0.7 h registradas,Publicada el 27 de julio de 2024,"Una bija, el dark and darker chinesco de bajo presupuesto"
Nadie ha calificado esta rese√±a como √∫til todav√≠a,0,No recomendado,0.3 h registradas,Publicada el 27 de julio de 2024,boring
Nadie ha calificado esta rese√±a como √∫til todav√≠a,0,Recomendado,11.2 h registradas,Publicada el 29 de julio de 2024,"El matchmaking es un verdadero asco. Vas a cruzarte priest o rouge pegando con violetas a cada rato. Mi consejo es jugar en grupo y cuando looteas algo honesto, irte. Al menos hasta que se solucione eso.
Restando eso, buen juego. Divertidisimo"
Nadie ha calificado esta rese√±a como √∫til todav√≠a,0,Recomendado,1.3 h registradas,Publicada el 28 de julio de 2024,"Como persona que tiene mucho sexo a toda hora, puedo decir que este juego es 100% parecido a tener sexo con una mujer, como yo siempre hago. Obviamente este juego no me puso caliente. no soy gay, yo tengo mucho sexo con mujeres reales como para gastar m√°s de 15 minutos en este juego. Por otro lado me gustar√≠a recomendar este juego a la gente que no tiene sexo (no como yo porque yo tengo mucho sexo con mujeres, mucho) como si ah√≠ hubiese una mujer desnuda y est√° desnuda. Ella tambi√©n se ve como una de mis varias novias con la que tuve mucho sexo. He tenido mucho sexo. Tambi√©n soy muy guapo y las mujeres SIEMPRE quieren tener sexo conmigo porque soy muy musculoso y guapo y muy bueno en los videojuegos. Todas mis novias dicen que soy muy bueno en el sexo y jugando videojuegos y siendo guapo. Una de mis enamoradas me pidi√≥ tener sexo con ella pero le dije que estaba jugando un juego de sexo y empez√≥ a llorar y se hizo lesbiana y se suicid√≥ porque no tuve sexo con ella. Tengo sexo con mujeres, no con hombres, no soy gay. Soy muy cool y guapo as√≠ que las chichas siempre quieren tener sexo conmigo porque soy muy cool y sexy. Mi pene es muy grande. A todas mis novias les gusta mi pene porque es muy grande y soy muy bueno en el sexo y lo soy, tengo mucho sexo. Tambi√©n soy muy guapo y sexy y tengo mucho sexo."
Nadie ha calificado esta rese√±a como √∫til todav√≠a,0,Recomendado,32.6 h registradas,Publicada el 27 de julio de 2024,"me mato una pantera con wallhack, entretenido üëç"
Nadie ha calificado esta rese√±a como √∫til todav√≠a,0,Recomendado,29.0 h registradas,Publicada el 27 de julio de 2024,Soy clasista
Nadie ha calificado esta rese√±a como √∫til todav√≠a,0,Recomendado,160.7 h registradas,Publicada el 27 de julio de 2024,"Incre√≠ble juego, lo m√°ximo, 100% recomendado"
Nadie ha calificado esta rese√±a como √∫til todav√≠a,0,Recomendado,12.5 h registradas,Publicada el 27 de julio de 2024,ta god
Nadie ha calificado esta rese√±a como √∫til todav√≠a,0,Recomendado,207.9 h registradas,Publicada el 27 de julio de 2024,"juegalo, es mejor que el sexo y ya no mas league of legends, ahora dungeonborne"
Nadie ha calificado esta rese√±a como √∫til todav√≠a,0,Recomendado,115.1 h registradas,Publicada el 26 de julio de 2024,"Excelente juego tanto en gr√°ficos como en jugabilidad, solo falta que a√±adan el idioma espa√±ol"
Nadie ha calificado esta rese√±a como √∫til todav√≠a,0,Recomendado,32.7 h registradas,Publicada el 27 de julio de 2024,"Porfa pongan el jueguito en MacOS pls!
Agreguen espa√±ol pls!"
Nadie ha calificado esta rese√±a como √∫til todav√≠a,0,Recomendado,3.9 h registradas,Publicada el 27 de julio de 2024,"se ve bueno y todo pero no es para mi.
- mueres y pierdes todo.
- las muertes pueden ser de pve o pvp
- perd√≠ en todas las partida por un druida."
Nadie ha calificado esta rese√±a como √∫til todav√≠a,0,Recomendado,5.3 h registradas,Publicada el 27 de julio de 2024,"Es la primera vez que hago una rese√±a, no tengo gran cantidad de horas de juego, pero no me parece un mal juego, siendo de argentina el pin es razonable (68) aprox, habiendo jugado a su antecesor (D and D), puedo decir que la mecanica es mas facil y la intuicion tambien, que este en ingles le saca un plus, pero no por eso es injugable, los que venimos de otros mmorpg (de los viejos) no hay nada que no podamos desifrar un un nivel muy vajo de ingles, ademas que hay muchas personas que hacen tutoriales en espa√±ol, asique sin mas decir, denle una oportunidad prueven y saquense ustedes mismo las dudas si es el tipo de juego que les gustaria jugar. PSD los graficos los uso al minimo/medio, siendo que con la maquina que tengo puedo usarlos casi a tope, y asi mismo son buenos."
Nadie ha calificado esta rese√±a como √∫til todav√≠a,0,No recomendado,51.7 h registradas,Publicada el 27 de julio de 2024,"Fix the druid, it's not fun to play in the same lobby and have him see the character's class at long distance, he's the fastest character, he casts magic, he puts on shields, he puts up his armor, he's K'SANTE from Dungeonborne"
Nadie ha calificado esta rese√±a como √∫til todav√≠a,0,Recomendado,25.4 h registradas,Publicada el 26 de julio de 2024,god
Nadie ha calificado esta rese√±a como √∫til todav√≠a,0,Recomendado,33.9 h registradas,Publicada el 26 de julio de 2024,Es re tosco pero vicio mal
Nadie ha calificado esta rese√±a como √∫til todav√≠a,0,Recomendado,28.6 h registradas,Publicada el 26 de julio de 2024,"excelente juego, con buena jugabilidad y graficos"
Nadie ha calificado esta rese√±a como √∫til todav√≠a,0,Recomendado,4.8 h registradas,Publicada el 25 de julio de 2024,divertidoo no me voooy
Nadie ha calificado esta rese√±a como √∫til todav√≠a,0,Recomendado,1.8 h registradas,Publicada el 25 de julio de 2024,"Impresionante juego , me encanto , que trabajo tan bien hecho , comprare el DLC para apoyarlos , vale toda la pena"
Nadie ha calificado esta rese√±a como √∫til todav√≠a,0,Recomendado,73.7 h registradas,Publicada el 25 de julio de 2024,Ta weno che
Nadie ha calificado esta rese√±a como √∫til todav√≠a,0,Recomendado,6.1 h registradas,Publicada el 24 de julio de 2024,60.... 50. Bueno
Nadie ha calificado esta rese√±a como √∫til todav√≠a,0,Recomendado,39.1 h registradas,Publicada el 24 de julio de 2024,"‚°á‚£∏‚°ü‚¢ø‚°ø‚†ø‚†Ø‚†µ‚£∂‚£∂‚£Æ‚£ª‚£ø‚£ø‚£ø‚£ø‚£ø‚£ø‚£ø‚£ø‚£ø‚¢ã‚£∂‚£∂‚£∂‚°∂‚†Ω‚†ø‚¢ø‚†ø‚¢ª‚£§‚°ù‚¢∑
‚†á‚†è‚†Å ‚ÄÄ‚£Ä‚£†‚£§‚£§‚£Ä‚£à‚†â‚†õ‚¢ø‚£ø‚£ø‚£ø‚£ø‚£ø‚£ø‚£•‚°ø‚†ü‚†ã‚¢Å‚£Ä‚£§‚£§‚£§‚£Ä‚°Ä‚†â‚†ô‚†á‚¢∏
‚°Ü ‚ÄÄ‚¢∞‚£æ‚£ø‚£ø‚†â ‚ÄÄ‚†ô‚†â‚†à‚¢≤‚£º‚£ø‚£ø‚£ø‚£ø‚£ø‚£ø‚£ø‚£ø‚£¥‚†ä ‚ÄÄ‚†ô‚†Å ‚ÄÄ‚¢π‚£ø‚£ø‚£∑ ‚ÄÄ ‚ÄÄ‚¢∏
‚°Ü‚¢£‚†à‚£ø‚£ø‚£ø‚£Ñ ‚ÄÄ‚†ë‚†Å‚¢Ä‚£º‚£ø‚£ø‚£ø‚£ø‚£ø‚£ø‚£ø‚£ø‚£ø‚£ø‚£ß‚°Ä‚†ë‚†Å ‚ÄÄ‚£º‚£ø‚£ø‚°á‚¢†‚†É‚¢∏
‚£ø‚°ò‚£∑‚£æ‚£ø‚£ø‚£ø‚£¶‚£Ä‚£§‚£æ‚°ø‚£õ‚°ø‚¢ü‚†è‚°π‚¢õ‚£ø‚°ø‚¢ø‚†ø‚¢ø‚£∑‚£§‚£¥‚£ø‚£ø‚£ø‚¢ø‚£∂‚°ø‚°†‚£º
‚£ø‚£ß‚°ø‚¢ã‚†ù‚°©‚¢ã‚†ù‚°©‚¢ã‚†î‚°©‚¢ä‚†î‚°°‚¢ä‚†î‚°°‚¢ä‚†î‚¢Å‚†î‚°°‚¢ä‚†î‚°©‚¢õ‚†ù‚°†‚¢ä‚†ú‚°°‚°ü‚¢ø"
Nadie ha calificado esta rese√±a como √∫til todav√≠a,0,Recomendado,6.4 h registradas,Publicada el 24 de julio de 2024,"Un juego excelente y muy divertido. Lo √∫nico malo es que no est√° en espa√±ol, eso es lo √∫nico malo que tiene. An excellent and very fun game. The only bad thing is that it is not in Spanish, that is the only bad thing about it."
Nadie ha calificado esta rese√±a como √∫til todav√≠a,0,Recomendado,29.1 h registradas,Publicada el 24 de julio de 2024,"Es todo lo que Dark and Darker no hizo, inclusive si eres stream te recompensa, los objetos son mas faciles de conseguir, es muy sencillo, facil de entender, unas mecanicas de combate muchos mejores, el PVP es mas extendido, el hecho de agregar pasivas a los personajes lo convierte en mas top, y poder cambiar la apariencia de mi personaje lo hace unico, ademas de crear mas de un personaje sin necesidad de pagar, las cosas que son de pago, simplemente son esteticos, y espero que continue asi, ha demostrado ser un juego que es bastante amplio y que aun en su fase de desarrollo es muy completo, sin duda alguna es un excelente juego 20/10"
Nadie ha calificado esta rese√±a como √∫til todav√≠a,0,Recomendado,59.1 h registradas,Publicada el 24 de julio de 2024,ü´Çü´Çü´Çü´Çü´Ç
Nadie ha calificado esta rese√±a como √∫til todav√≠a,0,Recomendado,73.4 h registradas,Publicada el 24 de julio de 2024,"version mejorada del dark and darker, muy piola"
Nadie ha calificado esta rese√±a como √∫til todav√≠a,0,Recomendado,166.7 h registradas,Publicada el 23 de julio de 2024,ta weno si
Nadie ha calificado esta rese√±a como √∫til todav√≠a,0,Recomendado,25.8 h registradas,Publicada el 24 de julio de 2024,"Esto es DarkAndDarker pero mejor, es inevitable la comparacion con el otro juego de dungeons pero siendo honestos este juego lo supera con creces desde el punto de que las actualizaciones son mas constantes, los mapas se sienten mas detallados, la interfaz y la jugabilidad en general es mucho mas amigable con los usuarios nuevos entre otras cosas
Creo que uno de los puntos principales de decidir cual de los dos jugar es que Dungeonborne aparte de ser completamente gratis con la capacidad de poder crear cuantos personajes quieras y de las clases que quieras es que los desarrolladores de dungeonborne se notan mucho mas atentos a la comunidad, se nota mas cari√±o al juego :))"
Nadie ha calificado esta rese√±a como √∫til todav√≠a,0,Recomendado,12.8 h registradas,Publicada el 23 de julio de 2024,Si
Nadie ha calificado esta rese√±a como √∫til todav√≠a,0,Recomendado,57.6 h registradas,Publicada el 23 de julio de 2024,ta weno
Nadie ha calificado esta rese√±a como √∫til todav√≠a,0,No recomendado,154.3 h registradas,Publicada el 23 de julio de 2024,Devuelvan el servidor de sur america. Pasamos de tener 40ms a 190-220ms. Es injugable ahora.
Nadie ha calificado esta rese√±a como √∫til todav√≠a,1 persona encontr√≥ divertida esta rese√±a,Recomendado,62.2 h registradas,Publicada el 23 de julio de 2024,"Lo dejaron morir, cl√°sico de empresa mediocre."
Nadie ha calificado esta rese√±a como √∫til todav√≠a,0,Recomendado,16.7 h registradas,Publicada el 23 de julio de 2024,Muy buen juego. Mejor que la premisa que copiaron. Y sobre todo es f2p
Nadie ha calificado esta rese√±a como √∫til todav√≠a,0,No recomendado,36.3 h registradas,Publicada el 24 de julio de 2024,me encanta este juego creo que es mi juego favorito y tengo una buena pc pero se freezea cuando estoy jugando despues de un rato en la partida es el unico juego que me hace eso y la verdad es injugable asi cerrar y volver a abrir el juego todo el rato no es posible disfrutarlo asi
Nadie ha calificado esta rese√±a como √∫til todav√≠a,0,Recomendado,11.1 h registradas,Publicada el 22 de julio de 2024,"Muy bueno, solo falta que lo pongan en espa√±ol y 10/10"
Nadie ha calificado esta rese√±a como √∫til todav√≠a,0,Recomendado,2.8 h registradas,Publicada el 22 de julio de 2024,darkandarken
A 1 persona le pareci√≥ √∫til esta rese√±a,0,Recomendado,39.0 h registradas,Publicada el 22 de julio de 2024,bastante bueno el sistema de looteo y modos de juego. promete bastante a futuro
Nadie ha calificado esta rese√±a como √∫til todav√≠a,0,No recomendado,62.4 h registradas,Publicada el 22 de julio de 2024,"NUEVA RESE√ëA: Eliminaron el servidor de latinoamerica y empeoraron el pin muchisimo; el por que? Pues segun ellos no les sale rentable por que en Latam no gastamos suficiente dinero esto es increible un juego que taanto me gustaba
...No tiene sentido lo bueno que es este juego, es increible, ligeramente desbalanceado GRACIAS DESARROLLADORES POR PONER ESTE JUEGO F2P, no le hubiera dado la oportunidad si hubiera salido de pago ya que ya me gaste los 25$ del DaD pero es que este juego es infinitamente superior sin lugar a dudas GRACIAS"
A 1 persona le pareci√≥ √∫til esta rese√±a,0,Recomendado,9.3 h registradas,Publicada el 22 de julio de 2024,BOMBOCLAT
A 1 persona le pareci√≥ √∫til esta rese√±a,0,Recomendado,44.3 h registradas,Publicada el 22 de julio de 2024,"Juegazo, solo falta que est√© en espa√±ol y de locos"
Nadie ha calificado esta rese√±a como √∫til todav√≠a,0,Recomendado,180.1 h registradas,Publicada el 21 de julio de 2024,exelente juego
Nadie ha calificado esta rese√±a como √∫til todav√≠a,0,No recomendado,231.6 h registradas,Publicada el 21 de julio de 2024,Mas muerto que mi ex
A 1 persona le pareci√≥ √∫til esta rese√±a,0,Recomendado,24.5 h registradas,Publicada el 21 de julio de 2024,Put the game in spanish pls and optimize the game
A 1 persona le pareci√≥ √∫til esta rese√±a,0,No recomendado,4.2 h registradas,Publicada el 21 de julio de 2024,"Este juego se ve prometedor, tengo rato buscando un juego asi, lo malo, es que este juego tiene pvp forzado, y tienes 15 minutos por calabozo, esto es como un death match, si odias el pvp, este juego no es para ti."
Nadie ha calificado esta rese√±a como √∫til todav√≠a,0,Recomendado,8.1 h registradas,Publicada el 21 de julio de 2024,Esta bueno...pero no creo que lo juegue de nuevo.
Nadie ha calificado esta rese√±a como √∫til todav√≠a,0,Recomendado,10.9 h registradas,Publicada el 20 de julio de 2024,esta god
Nadie ha calificado esta rese√±a como √∫til todav√≠a,0,Recomendado,1.2 h registradas,Publicada el 19 de julio de 2024,esta maomeno noma q queri q te diga
Nadie ha calificado esta rese√±a como √∫til todav√≠a,0,Recomendado,7.5 h registradas,Publicada el 19 de julio de 2024,"Comparado a Dark and Darker este es mucho mas dinamico, divertido, y a la vez accesible God"
Nadie ha calificado esta rese√±a como √∫til todav√≠a,0,Recomendado,107.5 h registradas,Publicada el 19 de julio de 2024,"Sineta una genial base apra algo mas grande , necesita sus mejroas pero teine bastatne potencial !"
Nadie ha calificado esta rese√±a como √∫til todav√≠a,0,Recomendado,36.2 h registradas,Publicada el 19 de julio de 2024,Ta muy weno
Nadie ha calificado esta rese√±a como √∫til todav√≠a,0,Recomendado,28.6 h registradas,Publicada el 21 de julio de 2024,"El juego es increible, el combate se siente fluido. El pvp es alucinante, esta super balanceado. La comunidad me parece muy buena, pase toda lo noche jugando con extra√±os, a veces perdiamos o ganabamos pero nadie se quejaba. Para mi ya es el mejor en este tipo de juegos aunque este en early acces y falte o caarezca de algunas cosas.
Dale una oportunidad el juego lo merece"
Nadie ha calificado esta rese√±a como √∫til todav√≠a,0,Recomendado,4.4 h registradas,Publicada el 21 de julio de 2024,"Positivo:
- Lo encuentro mas fluido que el Dark and Darker
- Las clases son gratuitas.
- Los enemigos te atacan en grupo y a√∫n as√≠ son llevaderos.
- Si no encuentras portales para salir te Spamean de la nada en la cara.
Negativo:
- Le falta contenido (Es entendible)
- Si sos mele y te atacan del aire imposible pegarles a los p*tos murcielagos.
- En el PvP los magos te alejan y te metrallatean el cul* a hechizos
Lo recomiendo, mas a√∫n con amigos."
Nadie ha calificado esta rese√±a como √∫til todav√≠a,0,Recomendado,17.9 h registradas,Publicada el 20 de julio de 2024,"Hasta ahora parece muy buen juego, una alternativa a dark and darker , hasta que rebajen el precio de locos por la versi√≥n completa.
Jugue unas cuantas partidas en solitario y algunos con amigos, lo √∫nico que dir√≠a que el juego deja que desear es una mayor cantidad de habilidades para las clases, como lo hay en dark and daker, fuera de eso, me parece muy buen juego, aunque desearas no spawnear al lado de los hombres lobos o el boss de turno a nivel bajo, por que te van a sacar el relleno."
Nadie ha calificado esta rese√±a como √∫til todav√≠a,0,Recomendado,72.4 h registradas,Publicada el 19 de julio de 2024,"‚°¥‚†ë‚°Ñ‚†Ä‚†Ä‚†Ä‚†Ä‚†Ä‚†Ä‚†Ä ‚£Ä‚£Ä‚£§‚£§‚£§‚£Ä‚°Ä
‚†∏‚°á‚†Ä‚†ø‚°Ä‚†Ä‚†Ä‚†Ä‚£Ä‚°¥‚¢ø‚£ø‚£ø‚£ø‚£ø‚£ø‚£ø‚£ø‚£∑‚£¶‚°Ä
‚†Ä‚†Ä‚†Ä‚†Ä‚†ë‚¢Ñ‚£†‚†æ‚†Å‚£Ä‚£Ñ‚°à‚†ô‚£ø‚£ø‚£ø‚£ø‚£ø‚£ø‚£ø‚£ø‚£Ü Esta muy bueno 100% recomendado
‚†Ä‚†Ä‚†Ä‚†Ä‚¢Ä‚°Ä‚†Å‚†Ä‚†Ä‚†à‚†ô‚†õ‚†Ç‚†à‚£ø‚£ø‚£ø‚£ø‚£ø‚†ø‚°ø‚¢ø‚£Ü
‚†Ä‚†Ä‚†Ä‚¢Ä‚°æ‚£Å‚£Ä‚†Ä‚†¥‚†Ç‚†ô‚£ó‚°Ä‚†Ä‚¢ª‚£ø‚£ø‚†≠‚¢§‚£¥‚£¶‚£§‚£π‚†Ä‚†Ä‚†Ä‚¢Ä‚¢¥‚£∂‚£Ü
‚†Ä‚†Ä‚¢Ä‚£æ‚£ø‚£ø‚£ø‚£∑‚£Æ‚£Ω‚£æ‚£ø‚£•‚£¥‚£ø‚£ø‚°ø‚¢Ç‚†î‚¢ö‚°ø‚¢ø‚£ø‚£¶‚£¥‚£æ‚†∏‚£º‚°ø
‚†Ä‚¢Ä‚°û‚†Å‚†ô‚†ª‚†ø‚†ü‚†â‚†Ä‚†õ‚¢π‚£ø‚£ø‚£ø‚£ø‚£ø‚£å‚¢§‚£º‚£ø‚£æ‚£ø‚°ü‚†â
‚†Ä‚£æ‚£∑‚£∂‚†á‚†Ä‚†Ä‚£§‚£Ñ‚£Ä‚°Ä‚†à‚†ª‚£ø‚£ø‚£ø‚£ø‚£ø‚£ø‚£ø‚£ø‚£ø‚£ø‚°á
‚†Ä‚†â‚†à‚†â‚†Ä‚†Ä‚¢¶‚°à‚¢ª‚£ø‚£ø‚£ø‚£∂‚£∂‚£∂‚£∂‚£§‚£Ω‚°π‚£ø‚£ø‚£ø‚£ø‚°á
‚†Ä‚†Ä‚†Ä‚†Ä‚†Ä‚†Ä‚†Ä‚†â‚†≤‚£Ω‚°ª‚¢ø‚£ø‚£ø‚£ø‚£ø‚£ø‚£ø‚£∑‚£ú‚£ø‚£ø‚£ø‚°á
‚†Ä‚†Ä ‚†Ä‚†Ä‚†Ä‚†Ä‚†Ä‚¢∏‚£ø‚£ø‚£∑‚£∂‚£Æ‚£≠‚£Ω‚£ø‚£ø‚£ø‚£ø‚£ø‚£ø‚£ø‚†á
‚†Ä‚†Ä‚†Ä‚†Ä‚†Ä‚†Ä‚£Ä‚£Ä‚£à‚£ø‚£ø‚£ø‚£ø‚£ø‚£ø‚£ø‚£ø‚£ø‚£ø‚£ø‚£ø‚£ø‚†á
‚†Ä‚†Ä‚†Ä‚†Ä‚†Ä‚†Ä‚¢ø‚£ø‚£ø‚£ø‚£ø‚£ø‚£ø‚£ø‚£ø‚£ø‚£ø‚£ø‚£ø‚£ø‚£ø"
Nadie ha calificado esta rese√±a como √∫til todav√≠a,0,Recomendado,0.7 h registradas,Publicada el 19 de julio de 2024,"me gusta, seria perfecto que habilitaran vista en 3ra persona mixta, es divertido cambiar entre primera y tercera persona"
Nadie ha calificado esta rese√±a como √∫til todav√≠a,0,Recomendado,70.3 h registradas,Publicada el 19 de julio de 2024,Mejor que Dark and Darker.
Nadie ha calificado esta rese√±a como √∫til todav√≠a,1 persona encontr√≥ divertida esta rese√±a,Recomendado,54.0 h registradas,Publicada el 18 de julio de 2024,POLIMARDO BUENARDOPOLIS DEEEEEEEEEEEEEEEEEEEEEEEEAAAAAAA
Nadie ha calificado esta rese√±a como √∫til todav√≠a,0,No recomendado,168.2 h registradas,Publicada el 19 de julio de 2024,"Era Buem Juego, pero por malas decisiones de balanceo y el Matchmaking Horrible que no vale la pena al menos hasta ahora, toca esperar la Season 1 y ver si ocurre algun milagro"
Nadie ha calificado esta rese√±a como √∫til todav√≠a,0,Recomendado,66.5 h registradas,Publicada el 19 de julio de 2024,"Completamente recomendado, much√≠simo mejor que el Dark and Darket, completamente free2play y aparte con roudmap se vienen grandes cosas, lo de siempre los cosm√©ticos son de compra y esta joya, algunas cosas las puedes conseguir en modos de juegos que aun no salen, pero se mencionan en descripciones. Caele que esta bueno y gratis. GG a todos. Jugu√© toda la beta y lo seguir√© jugando <3"
Nadie ha calificado esta rese√±a como √∫til todav√≠a,0,Recomendado,1.3 h registradas,Publicada el 18 de julio de 2024,"===[]===
‚òê Ni√±os
‚òë Para todos
‚òê Jugadores Casuales
‚òê Gamers
===[]===
‚òê Graficos de pong en 2019
‚òê Muy malos
‚òê Malos
‚òê Pasables
‚òê Buenos
‚òë Hermosos
‚òê Obra de arte
===[]===
‚òê Vale su precio
‚òë Espera a las ofertas
‚òê Intermedio
‚òê Reembolsa si puedes.
‚òê No lo compres...
===[]===
‚òê Pentium 3 :v
‚òê Basicos
‚òê Medios
‚òë PC potente
‚òê Master race
‚òê La NASA tiene problemas para correrlo
===[]===
‚òê Solo necesitas dos manos
‚òê Facil
‚òë Facil de aprender, dificil llegar a ser bueno
‚òê Dificil
‚òê Dark Souls
===[]===
‚òê Muy corto ( 0 - 2 Horas)
‚òê Corto ( 2 - 8 Horas)
‚òê Mediana duracion ( 8 - 12 horas)
‚òê Largo ( 12+ hours)
‚òë Infinito
===[] ===
‚òë Se la pasaron por los huevos
‚òê Es mejor que Twilight
‚òê Intermedia
‚òê Buena
‚òê Fantastica
===[]===
‚òê El juego en si es un bug
‚òê Los bugs destrozan el juego
‚òê Muchos bugs
‚òê Algunos bugs
‚òë 99% Funciona bien
‚òê No tengo argumento
===[]===
Multiplayer: Si
Singleplayer: si"
